,Organic,Sample,Italiano Coconut Cookies 150Gm,,1.49,,8901652141566,8901652141566
,Organic,Sample,Rasoi Magic VegKohlapuri 50Gm,,1.49,,8902132110379,8902132110379
,Spices,Sample,Anand Dry Whole Chilles 400g,,6.49,,878776006058,878776006058
,Snacks,Sample,Anand Ramnad Round 400gm,,6.49,,878776006232,878776006232
,Frozen,Sample,Nanak VegKabob 600Gm,,6.49,,797677705108,797677705108
,Organic,Sample,Verka Desi Ghee 7oz,,6.49,,856904000154,856904000154
,Organic,Sample,Laxmi Jaggery 2KG,,6.49,,723246211497,723246211497
,Snacks,Sample,Balaji Tomato 50Gm,,1.49,,8906010500498,8906010500498
,Frozen,Sample,Deep Mithai KajuKatri 400Gm,,8.99,,011433133869,011433133869
,Organic,Sample,Ramdev Carmm Whl Grn 200Gm,,9.99,,8902188096078,8902188096078
,Organic,Sample,Rasoi Magic 50gm MethiMutteRasoi Magicalai,,1.49,,8901042963815,8901042963815
,Organic,Sample,Ramdev Fenugreek Seed 7Oz 200Gm,,1.49,,8902188074076,8902188074076
,HealthBeauty,Sample,Himalaya CreamHoney Soap,,1.49,,8901138513061,8901138513061
,Organic,Sample,Ramdev Charoli 100Gm,,4.49,,8902188281061,8902188281061
,Produce,A,Karela,,1.29,,100003,100003
,Organic,Sample,Red Star Yeast 7gm,,1.49,,017929000288,017929000288
,Organic,Sample,Sumeru Cut Ari 300gm,,1.49,,756271321756,756271321756
,Organic,Sample,Sumeru Chinese Potato 300gm,,1.49,,756271321510,756271321510
,Snacks,Sample,Cobra Corn Salt 85Gm,,1.49,,858851002021,858851002021
,Organic,Sample,Janaki 50Gm Pnr Makhanwala,,1.49,,8908000752078,8908000752078
,Organic,Sample,Janaki 50Gm MutrPnr,,1.49,,8908000752085,8908000752085
,Organic,Sample,Everest TikhaLal 100Gm,,1.49,,8901786391004,8901786391004
,Organic,Sample,Everest SabjiMsl 50Gm,,1.49,,8901786130504,8901786130504
,Organic,Sample,Everest KitchKing 100Gm,,1.49,,8901786121007,8901786121007
,Organic,Sample,Rasoi Magic DUM ALOO 50g,,1.49,,8901042963648,8901042963648
