7396,Complan Kesar Badam 500Gm,8.90154E+12,Apna Foods
7395,Complan Pista Badam 500Gm,8.90154E+12,Apna Foods
7383,Complan Strawberry 500Gm,8.90154E+12,Apna Foods
7597,Fortune Sunlite Refined Sunflower Oil5L,8.90601E+12,Apna Foods
7596,Fotune Sunlite Refined Sunflower Oil5L,10000000022,Apna Foods
8491,Godrej Permanent Hair Dye 20ml,8.90102E+12,Apna Foods
8369,Goorej  Expert Black Brown 20gm,8.90102E+12,Apna Foods
8366,Goorej Expert Burgundy 20gm,8.90102E+12,Apna Foods
8368,Goorej Expert Dark Brown 20gm,8.90102E+12,Apna Foods
8372,Goorej Expert Gentle Black 20gm,8.90102E+12,Apna Foods
8370,Goorej Expert Natural Black 20gm,8.90102E+12,Apna Foods
8367,Goorej Expert Natural Brown 20gm,8.90102E+12,Apna Foods
8371,Goorej Expert Original 18gm,8.90102E+12,Apna Foods
8630,Goorej Jasmine Beauty Soap 115gm,8.90102E+12,Apna Foods
8629,Goorej Lavender Beauty Soap 116gm,8.90102E+12,Apna Foods
8632,Goorej Lime And Vera Beauty Soap 115gm,8.90102E+12,Apna Foods
8596,Goorej No.1 Coconut and neem Soap 115gm,8.90102E+12,Apna Foods
8598,Goorej No.1 Lime Fresh 125gm,8.90102E+12,Apna Foods
8597,Goorej No.1 Sandal and Turmeric Soap 115gm,8.90102E+12,Apna Foods
8628,Goorej Rose Beauty Soap 115gm,8.90102E+12,Apna Foods
7700,Horlicks Lite 500gm,8.90157E+12,Apna Foods
8051,Lijjat Mathia Papad 200Gms,8.90144E+12,Apna Foods
8050,Lijjat Moong Papad 200Gms,8.90144E+12,Apna Foods
7919,Lijjat Sindhi Special Papad 200Gm,8.90144E+12,Apna Foods
8071,Maniaars Chilliu Coriander 150Gms,1E+11,Apna Foods
8067,Maniarrs Black Pepper Spicy Khakhara,8.90408E+12,Apna Foods
8072,Maniarrs Chilli Coriander 150Gms,8.90408E+12,Apna Foods
8065,Maniarrs Lemon & Spicy Khakhara 150Gms,8.90408E+12,Apna Foods
8049,Maniarrs Papad Plain 200Gms,8.90408E+12,Apna Foods
8068,Maniarrs Spicy Millet 150Gms,8.90408E+12,Apna Foods
8070,Maniarrs Spicy Millet 150Gms,1E+11,Apna Foods
7577,Saras Chicken Masala Paste 5oz,8.90178E+12,Babaco Foods
7676,Saras Coconut Varuthara Curry Paste 5.29oz,8.90178E+12,Babaco Foods
8173,Saras Fish Curry Masala Paste 150Gms,8.90178E+12,Babaco Foods
7876,Saras Fish Masala Paste 80gm,8.90178E+12,Babaco Foods
7574,Saras Garlic Paste 14oz,8.90178E+12,Babaco Foods
7882,Saras Ginger Garlic Paste 14.1oz,8.90178E+12,Babaco Foods
7575,Saras Ginger Paste 14oz,8.90178E+12,Babaco Foods
7572,Saras JackFruit Cake 10.5oz,8.90178E+12,Babaco Foods
7573,Saras Jackfruit Jam 10.5oz,8.90178E+12,Babaco Foods
7675,Saras Kerala Fish Curry Paste 5.29oz,8.90178E+12,Babaco Foods
8175,Saras Meat Curry Paste 150Gms,8.90178E+12,Babaco Foods
8159,Saras Milk Dessert 14Oz,8.90178E+12,Babaco Foods
8730,Saras Rice Ghee Dessert 10.57oz,8.90178E+12,Babaco Foods
7576,Saras Sauteed Onion Paste 14oz,8.90178E+12,Babaco Foods
7414,Double Horse Chemba Puttu Podi Mix 1KG,8.90401E+12,Babco Foods
7413,Double Horse Dosa Mix 1KG,8.90401E+12,Babco Foods
7415,Double Horse Idli Mix 1KG,8.90401E+12,Babco Foods
7983,Double Horse Jaggery Ball 1KG,8.90401E+12,Babco Foods
7397,Double Horse Matta Broken Rice 1KG,8.90401E+12,Babco Foods
7403,Double Horse Roasted Rava 1KG,8.90401E+12,Babco Foods
8523,Double Horse Sortex Rice 10KG,8.90401E+12,Babco Foods
8525,Double Horse Sortex Rice 5KG,,Babco Foods
8691,Elite Idiyappam Podi 2.2LB,8.14691E+11,Babco Foods
8689,Elite Maida 2.2LB,8.14691E+11,Babco Foods
7400,Elite Milk Rusk 200Gm,8.14691E+11,Babco Foods
8705,Elite Multigrain Atta 10LB,8.14691E+11,Babco Foods
7612,Elite Original Rusk 200gm,10000000026,Babco Foods
8688,Elite Ragi Puttupodi 2.2LB,8.14691E+11,Babco Foods
8697,Elite Rice Bran Oil 750ml,8.14691E+11,Babco Foods
7388,Elite Rice Flakes Red 2.2LB,8.14691E+11,Babco Foods
8690,Elite Rice Puttupodi 2.2LB,8.14691E+11,Babco Foods
7985,GRB Rasogolla 1KG,8.90601E+12,Babco Foods
7874,Nirapara Chakki Fresh Chapathi Atta 1KG,8.90401E+12,Babco Foods
7407,Nirapara Easy Palappam Podi 1KG,8.90401E+12,Babco Foods
8033,Nirapara Fish Masala 200gm,8.90401E+12,Babco Foods
8032,Nirapara Mutton Masala 200gm,8.90401E+12,Babco Foods
7606,Nirapara Rasam Powder 200Gms,10000000024,Babco Foods
8600,Nirapara Rice Long Grian Brown Rice 2KG,8.90401E+12,Babco Foods
7607,Nirapara Roasted Semolina 1kg,8.90401E+12,Babco Foods
7605,Nirapara Sambar Powder 200Gms,8.90401E+12,Babco Foods
8075,Dakshin Express Idli 283gm,8.90406E+12,Continental Foods
8074,Dakshin Express Medu Vada 283gm,8.90406E+12,Continental Foods
3200,Haldiram Pinnaple Crush 700ml,8.90406E+12,Continental Foods
7657,Haldirams Achari Paratha 400Gms,8.90406E+12,Continental Foods
7691,Haldirams Bikaneri Bhakarbadi  500gm,8.90406E+12,Continental Foods
8170,Haldirams Chatpati Baatien 800Gms,8.90406E+12,Continental Foods
8169,Haldirams Kabhi Khatta Kabhi Meetha 900Gms,8.90406E+12,Continental Foods
7693,Haldirams Karela Mathi 400gm,8.90406E+12,Continental Foods
8077,Haldirams Maida Matar 400gm,8.90406E+12,Continental Foods
7653,Haldirams Rasmalai 1Kg,8.90406E+12,Continental Foods
7655,Haldirams Rasmalai 500Gms,8.90406E+12,Continental Foods
8731,Haldirams Thoda Meetha Thoda Namkeen 900gm,8.90406E+12,Continental Foods
7692,Haldirams Tikoni Mathi 400gm,8.90406E+12,Continental Foods
7652,Moms Special Baingan Bharta 283Gms,8.90406E+12,Continental Foods
7656,Moms Special Kaala Chana 283Gms,8.90406E+12,Continental Foods
8677,Moms Special Panchmel Dal 10oz,8.90406E+12,Continental Foods
7704,Gur Prasad Besan Barfee 340gm,8.90606E+12,Darbar Foods
7708,Gur Prasad Dodha Barfee 340gm,8.90606E+12,Darbar Foods
7705,Gur Prasad Kalakand 340gm,8.90606E+12,Darbar Foods
7707,Gur Prasad Kesar Peda 340gm,8.90606E+12,Darbar Foods
7706,Gur Prasad Milk Cake 340gm,8.90606E+12,Darbar Foods
7386,Johar Joshanda Tea 150Gm,8.55434E+11,Darbar Foods
4481,National BASMATI RICE 10LB,6.20514E+11,Darbar Foods
7631,National Chapli Kabab 100gm,6.20514E+11,Darbar Foods
7629,National Chapli Kabab 100gm,10000000028,Darbar Foods
7630,National Chapli Kabab 100gm,10000000029,Darbar Foods
7633,National Chicken Hara Hyderabadi 40gm,6.20514E+11,Darbar Foods
7635,National Chicken Reshmi Kabab 45gm,6.20514E+11,Darbar Foods
7628,National Chicken Tandoori 50gm,6.20514E+11,Darbar Foods
7646,National Chilli Pickle 1KG,6.20514E+11,Darbar Foods
7571,National Mango Pickle 1KG,6.20514E+11,Darbar Foods
7647,National Mixed Pickle 1KG,6.20514E+11,Darbar Foods
8274,Bambino Vermicelli  Long 500gm,8.90124E+12,Deep Foods
8324,Bansi Dry Coconut 1LB,11433158664,Deep Foods
8325,Bansi Dry Coconut 1LB,1E+11,Deep Foods
8272,Bansi Jerra Goli 100gm,11433120494,Deep Foods
8732,Bansi Plain Kheel 100gm,11433154208,Deep Foods
8299,Bansi Puri For Bhel 400gm,11433157919,Deep Foods
8193,Bansi Sona Masoori Rice 20LB,51453115544,Deep Foods
8309,Bansi Surti Kurmura Puffed Rice 1LB,11433120050,Deep Foods
8029,Britannia 50-50  Maska Chaska Crackers 62gm,8.90106E+12,Deep Foods
8191,Britannia 50-50  Maska Chaska Crackers 62gm,1E+11,Deep Foods
8310,Britannia Fruit Cake 4.76oz,6.29101E+12,Deep Foods
8005,Britannia Good day Cashew 231gm,8.90106E+12,Deep Foods
8131,Britannia Gooday Chocolate Chip Cookies 125Gms,6.29101E+12,Deep Foods
8130,Britannia Goodday Pista Almond Cookies 75Gms,8.90106E+12,Deep Foods
8391,Britannia Nutri Choice Oat Cookies 125gm,6.29101E+12,Deep Foods
8127,Britannia Pista Almond Cookies,1E+11,Deep Foods
8300,Chandan Abajpati Goli 180gm,8.90402E+12,Deep Foods
8301,Chandan Dated & Fennel Seed Mix 125gm,8.90402E+12,Deep Foods
8210,Chandan Flax Seed Mix 11.3oz,8.90402E+12,Deep Foods
1810,Chandan FrndShip Pack,8.90402E+12,Deep Foods
8211,Chandan Ice Cream Mix 320Gm,8.90402E+12,Deep Foods
8484,Chandan MInt Sweet 900g,8.90402E+12,Deep Foods
8195,Chandan Mouth Freshener 900gm,8.90402E+12,Deep Foods
8212,Chandan Orange Mix 11.3oz,8.90402E+12,Deep Foods
8485,Chandan Special Mukhwas 900g,8.90402E+12,Deep Foods
8317,Chandan Vita Amla Mouth Freshner 7oz,8.90402E+12,Deep Foods
8722,Deep 40 Cocktail Samosa 269 gm,11433031417,Deep Foods
8268,Deep Bhakri Khakhara 200Gms,11433152310,Deep Foods
8194,Deep Brown Basmati 10LB,11433156035,Deep Foods
8206,Deep Chana Dal 4LB,11433113373,Deep Foods
8321,Deep Crispy Fried Onions 1LB,11433155656,Deep Foods
8176,Deep Fansi 12Oz,11433159890,Deep Foods
8320,Deep Jumbo Peanuts 4LB,11433131599,Deep Foods
8208,Deep Maida  All Purpose Flour 8LB,11433153089,Deep Foods
8178,Deep Masala Paratha 300Gms,11433150668,Deep Foods
8207,Deep Masoori Dal 4LB,11433113380,Deep Foods
8177,Deep Methi Paratha 300Gms,11433150699,Deep Foods
8724,Deep Mixed Vegetables,11433131643,Deep Foods
8190,Deep Moong Whole 4lb,11433113434,Deep Foods
8328,Deep Multigrain Wafer Thins Sour Cream & Onions 200gm,11433152297,Deep Foods
8323,Deep Original Hot Mix 400gm,11433021111,Deep Foods
8721,Deep Pistachios In Shell 7oz,11433133616,Deep Foods
7516,Deep Pizza Khakhara 180Gms,10000000018,Deep Foods
8209,Deep Sooji Farina 4LB,11433158213,Deep Foods
8318,Deep Spicy Cashew Black Pepper 8oz,11433021463,Deep Foods
8319,Deep Spicy Cashew Red Pepper 8oz,11433021449,Deep Foods
7885,Deep Tea CTC Leaf Tea 28.2oz,1E+11,Deep Foods
8200,Deep Urad Gota 4LB,11433117326,Deep Foods
8314,Gem Chikki's Crushed Peanut Ladu 7oz,11433152532,Deep Foods
8312,Gem Chikki's Laddu Till 7oz,11433153225,Deep Foods
8313,Gem Chikki's Peanut  7oz,11433153232,Deep Foods
8315,Gem Daliya Ladu Chikki 7oz,11433152211,Deep Foods
8316,Gem Murmur ladu chikki 3.5oz,11433152228,Deep Foods
8171,Girnar Kesari Assam Tea 2Lb,8.10638E+11,Deep Foods
7735,Hem All Seasons Incense Box,8.90181E+12,Deep Foods
7768,Hem Amber Incense Box,8.90181E+12,Deep Foods
7888,Hem Amrapali Incense Sticks,24433131278,Deep Foods
7889,Hem Diwali Special Incense Stick,8.90181E+12,Deep Foods
7743,Hem Egyptian Musk Incense Box,8.90181E+12,Deep Foods
7749,Hem Frank Incense Box,8.90181E+12,Deep Foods
7730,Hem Indian Spices Incense,8.90181E+12,Deep Foods
7737,Hem Kaamasutra Incense Box,8.90181E+12,Deep Foods
7746,Hem Loto Incense Sticks,8.90181E+12,Deep Foods
7751,Hem Love Incense Box,8.90181E+12,Deep Foods
7744,Hem Maha Laxmi Incense Box,8.90181E+12,Deep Foods
7733,Hem Maha Saraswati Incense Box,8.90181E+12,Deep Foods
7748,Hem Meditation Incense Box,8.90181E+12,Deep Foods
7740,Hem Night Queen Incense Box,8.90181E+12,Deep Foods
7745,Hem Precious 3 in One Incense Box,8.90181E+12,Deep Foods
7736,Hem Precious Five Incense Box,8.90181E+12,Deep Foods
7777,Hem Precious Gulab Incense Box,8.90181E+12,Deep Foods
7752,Hem Precious Jasmine Incense Box,8.90181E+12,Deep Foods
7739,Hem Precious Lavender Incense Box,8.90181E+12,Deep Foods
7750,Hem Precious Lily Incense Box,8.90181E+12,Deep Foods
7753,Hem Precious Musk Incense Box,8.90181E+12,Deep Foods
7747,Hem Precious Patchouli Incense Box,8.90181E+12,Deep Foods
7767,Hem Rose Musk Incense Box,8.90181E+12,Deep Foods
7754,Hem Rosemery Incense Box,8.90181E+12,Deep Foods
7734,Hem SaiBaba Incense Box,8.90181E+12,Deep Foods
7758,Hem Sandal Incense Sticks,8.90181E+12,Deep Foods
7741,Hem The Moon Incense Box,8.90181E+12,Deep Foods
7729,Hem Vanilla Incense Sticks,8.90181E+12,Deep Foods
7765,Hem White Musk Incense Box,8.90181E+12,Deep Foods
7999,Jivraj 9 CTC Tea  908Gm,8.90176E+12,Deep Foods
7839,Jivraj C.T.C leaf Tea 454gm,8.90176E+12,Deep Foods
8305,Mirch Masala Chutney Coriander 220gm,11433156110,Deep Foods
8270,Mirch Masala Chutneys Mint 220gm,11433156103,Deep Foods
7550,Mirch Masala Cornflakes Mix 6oz,11433153515,Deep Foods
7786,Mirch Masala Dal Rajasthai 10.oz,11433112901,Deep Foods
8271,Mirch Masala Pani Puri Paste 220gm,11433156097,Deep Foods
8197,Mirch Masala Peanut Bhujia 12oz,11433157933,Deep Foods
7549,Mirch Masala Tikha Ganthia 12oz,11433115711,Deep Foods
7520,Mirchi Masala Bhavnagri Ganthia 170Gms,11433153478,Deep Foods
8189,Mirchi Masala Mumbai Mix 170Gms,11433153539,Deep Foods
7582,Mirchi Masala Tum Tum 340Gms,11433061230,Deep Foods
8000,Nutro Cream Wafers 150gm,6.29101E+12,Deep Foods
8028,Nutro Orange Cream Wafers 75gm,6.29101E+12,Deep Foods
8024,Nutro Orange Flavoured Cream Wafers 150gm,6.29101E+12,Deep Foods
8027,Nutro Strawberry Cream Wafers 75gm,6.29101E+12,Deep Foods
8025,Nutro Strwberry Cream Wafers 150gm,6.29101E+12,Deep Foods
8026,Nutro Vanilla Cream Wafers 75gm,6.27101E+12,Deep Foods
7996,Quick Tea Cardamom Chai 17oz,8.55664E+11,Deep Foods
8158,Quick Tea Cardamom chai 8.5Oz,8.55664E+11,Deep Foods
8010,Quick Tea Ginger Chai 240Gms,8.40839E+11,Deep Foods
8009,Quick Tea Ginger Chai Latte 180Gms,8.55664E+11,Deep Foods
8167,Quick Tea Masala Chai 144Gms,8.40839E+11,Deep Foods
8161,Quick Tea Masala Chai 480Gms,8.55664E+11,Deep Foods
8008,Quick Tea Masala Chai Latte 180Gms,8.55664E+11,Deep Foods
8126,Quick Tea Plain Chai 480Gms,8.55664E+11,Deep Foods
8015,Quik Tea Ginger Chai Tea144gm Bags 72 bags,8.40839E+11,Deep Foods
8138, 1% Low Fat Milk 1Gal,78742351889,Discontinued
8137,2% Fat MiLK 1Gal,78742351872,Discontinued
679,Akkent Almond T Delight 400gm,8.69586E+12,Discontinued
680,Akkent Hazenut T Delight 400gm,8.69586E+12,Discontinued
681,Akkent Lemon Rose Mint 400gm,8.69586E+12,Discontinued
682,Akkent Mini fruit Delight 400g,8.69586E+12,Discontinued
683,Akkent Pistachio Delight 400gm,8.69586E+12,Discontinued
684,Akkent Plain T Delight 400gm,8.69586E+12,Discontinued
685,Akkent Rose T Delight 400gm,8.69586E+12,Discontinued
686,Akkent Sultan T Delight 400gm,8.69586E+12,Discontinued
687,Akkent Walnut T Delight 400gm,8.69586E+12,Discontinued
8522,Akshar Turmeric Powder 7oz,7.99493E+11,Discontinued
1374,Aris Pista Chips Original 16oz,6.49242E+11,Discontinued
1375,Aris Sunflower Oil 1LTR,8.69173E+12,Discontinued
1376,Arizona Habanero Pepper 5oz,27328551113,Discontinued
1382,Armella Duo White Cream 350gm,8.69744E+12,Discontinued
1383,Armella Hazelnut Cream 350gm,8.69744E+12,Discontinued
1384,Armella Hazelnut/ cocoa 350gm,8.69744E+12,Discontinued
1385,Armella Hazelnut/Coco2in1 350g,8.69744E+12,Discontinued
1386,Armella Tadinli hahwa 350gm,8.69744E+12,Discontinued
8401,Birds Custard Powder 300gm,,Discontinued
1618,Birthday Candles 12pk,18100028428,Discontinued
1625,BLJ SLTD 50GM,8.90601E+12,Discontinued
8164,Cookie Heaven Almond Cookies 200Gms,8.90406E+12,Discontinued
8166,Cookie Heaven Badam Pista Cookies,8.90406E+12,Discontinued
8163,Cookie Heaven Cashew Cookies 200Gms,8.90406E+12,Discontinued
8162,Cookie Heaven Coconut Cookies 200Gms,8.90406E+12,Discontinued
8165,Cookie Heaven Jeera Cookies 200Gms,8.90406E+12,Discontinued
2417,Diamante Doro Chocolate 36pc,4.89701E+12,Discontinued
2418,Diamante Doro mix 24pc,4.89701E+12,Discontinued
2419,Diamante DOro Mix Choclte 36pc,4.89701E+12,Discontinued
2420,Diatonic Diabetic Supplement,8.906E+12,Discontinued
2421,Diatosta MiniGril 350Gm,5.60156E+12,Discontinued
2467,ETI Caykeyfi Pistachio 141gm,8.69053E+12,Discontinued
2468,ETI Cin Orange Jelly 144gm,8.69053E+12,Discontinued
2469,ETI Digestive Biscuit 140gm,8.69053E+12,Discontinued
2472,ETI Sesame Sticks Cracker 126g,8.69053E+12,Discontinued
2481,Everyday Fresh Besan 4LB,8.90417E+12,Discontinued
2554,Ganesh 800Gm Poha Thin,8.90601E+12,Discontinued
2556,Ganesh BESAN 10lb,8.90601E+12,Discontinued
2557,Ganesh BESAN 4LB,8.90601E+12,Discontinued
2558,Ganesh BHAKHARI 10lb,8.90601E+12,Discontinued
2559,Ganesh Bhkhri Flr 4LB,8.90601E+12,Discontinued
7034,Ganesh Chana Pickle 400Gm,8.90601E+12,Discontinued
7035,Ganesh Chhundo 450Gm,8.90601E+12,Discontinued
7036,Ganesh Dahiwada Mix 200Gm,8.90601E+12,Discontinued
2563,Ganesh Daliya 4LB,8.90601E+12,Discontinued
7037,Ganesh Dalwada Mix,8.90601E+12,Discontinued
7038,Ganesh Dhokla Mix 200Gm,8.90601E+12,Discontinued
7039,Ganesh Dhosa Mix 200Gm,8.90601E+12,Discontinued
7040,Ganesh DoubleMari Papad 200Gm,8.90601E+12,Discontinued
7042,Ganesh Gorkeri 400Gm,8.90601E+12,Discontinued
7043,Ganesh Gota Mix 200Gm,8.90601E+12,Discontinued
7044,Ganesh GreenChili Papad 200Gm,8.90601E+12,Discontinued
7045,Ganesh Gulab Jamun 200Gm,8.90601E+12,Discontinued
7046,Ganesh Gulab Jamun Mix 100Gm,8.90601E+12,Discontinued
7047,Ganesh Gunda Pickle 400Gm,8.90601E+12,Discontinued
2575,Ganesh Hing 50Gm,8.90601E+12,Discontinued
7048,Ganesh Iddli Mix 200Gm,8.90601E+12,Discontinued
2577,Ganesh Idli Rava 10LB,8.90601E+12,Discontinued
2578,Ganesh Idli Rava 4LB,8.90601E+12,Discontinued
7049,Ganesh Jeera Papad 200Gm,8.90601E+12,Discontinued
7050,Ganesh Khaman Mix 200Gm,8.90601E+12,Discontinued
7051,Ganesh Lime Pickle,8.90601E+12,Discontinued
2584,Ganesh MAGAS FLOUR 4LB,8.90601E+12,Discontinued
7052,Ganesh Mango Pulp,8.90601E+12,Discontinued
7053,Ganesh Mixed Pickle,8.90601E+12,Discontinued
2587,Ganesh Papad 200Gm,8.90601E+12,Discontinued
2588,Ganesh PAPAD CUMIN 200g,8.90601E+12,Discontinued
2590,Ganesh Poha Thick 800Gm,8.90601E+12,Discontinued
7055,Ganesh Punjabi Papad 200Gm,8.90601E+12,Discontinued
7056,Ganesh Punjabi Pickle 400Gm,8.90601E+12,Discontinued
7057,Ganesh Rava Dosa Mix 200Gm,8.90601E+12,Discontinued
7058,Ganesh Rava Iddli Mix 200Gm,8.90601E+12,Discontinued
7060,Ganesh Sambhar Mix 100Gm,8.90601E+12,Discontinued
7061,Ganesh SingleMari Papad 200Gm,8.90601E+12,Discontinued
2599,Ganesh Sooji 4LB,8.90601E+12,Discontinued
2600,Ganesh Wheat Atta 22LB,8.90601E+12,Discontinued
8436,Goldenjaggery biscuits 2LB,,Discontinued
2765,Good Life Chapati 1Doz,12144301011,Discontinued
2782,Good Life Garlic Naan 340Gm,12144400752,Discontinued
2783,Good Life METHI ROTI 227g,12144600558,Discontinued
2761,Good Life WahChapati 1LB,12144302018,Discontinued
2766,Good Life WWheatRoti 510Gm,12144600459,Discontinued
2810,GuylianBelgian Chocolate 100g,89519821016,Discontinued
3292,Health Spice Dosa Batter 26oz,7.28028E+11,Discontinued
3293,Health Spice Idli Batter 26oz,7.28028E+11,Discontinued
3330,Italiano Choco 150Gm,8.90165E+12,Discontinued
3331,Italiano Coconut Cookies 150Gm,8.90165E+12,Discontinued
8591,Iyengar Curry leaves Chetni Powder 200gm,,Discontinued
3358,Jalsa Bajri Khakhara 200Gm,8.54694E+11,Discontinued
3359,Jalsa Brinjle Pickle 450Gm,8.54694E+11,Discontinued
3362,Jalsa Chorafali Khakhara 200Gm,8.54694E+11,Discontinued
3363,Jalsa GARLIC PASTE 400g,8.54694E+11,Discontinued
3365,Jalsa Ginger Paste 400GM,8.54694E+11,Discontinued
3368,Jalsa Jeera Khakhara 200Gm,8.54694E+11,Discontinued
3369,Jalsa Jeera Khari 200Gm,8.54694E+11,Discontinued
3371,Jalsa Kerda Pickle 400Gm,8.54694E+11,Discontinued
3375,Jalsa Mango Pickle 400Gm,8.54694E+11,Discontinued
3376,Jalsa Masala Khakhara 200Gm,8.54694E+11,Discontinued
3377,Jalsa Masala Khari 200Gm,8.54694E+11,Discontinued
3378,Jalsa Mathiya Khakhara 200Gm,8.54694E+11,Discontinued
3379,Jalsa Methi Khakhra 200Gm,8.54694E+11,Discontinued
3380,Jalsa Methi Khari 200Gm,8.54694E+11,Discontinued
3382,Jalsa Plain Khakahra 200Gm,8.54694E+11,Discontinued
3383,Jalsa Plain Khari 200Gm,8.54694E+11,Discontinued
3384,Jalsa Red Chilli Pickle 400Gm,8.54694E+11,Discontinued
3392,JFarm Spinach 3LB,7.60695E+11,Discontinued
3393,JFarm StirFry Blend 32oz,7.60695E+11,Discontinued
4594,Olivari Olive Oil EV 17oz,41618500339,Discontinued
4595,Omkara 14oz Ghee,8.19023E+11,Discontinued
4596,Omkara GHEE 56oz,8.19023E+11,Discontinued
4597,Omkara Ghee 7oz,8.19023E+11,Discontinued
5443,Ramdev Adadia Flr 2LB,8.90219E+12,Discontinued
7881,Ramdev Amla Powder 3.5oz,8.90219E+12,Discontinued
7449,Ramdev Black Salt Powder 5LB,8.90219E+12,Discontinued
5441,Ramdev Udad Flr 2LB,8.90219E+12,Discontinued
5442,Ramdev Udad Flr 2LB,8.90219E+12,Discontinued
5456,Roopal Anardana 14oz,8.90187E+12,Discontinued
5457,Roopal BayLeaves 3.5oz,8.90187E+12,Discontinued
5458,Roopal CorndrCumin Pwdr 400Gm,8.90187E+12,Discontinued
5459,Roopal Kalonji 7oz,8.90187E+12,Discontinued
7425,Roopal Moraiyo 7oz,8.90187E+12,Discontinued
5460,Roopal Mustd Oil 250ml,8.90187E+12,Discontinued
5461,Roopal Papad Kharo 400GM,8.90187E+12,Discontinued
5462,Roopal Ragi 2LB,8.90187E+12,Discontinued
5463,Roopal Ragi 400GM,8.90187E+12,Discontinued
5464,Roopal Rice Flr 2LB,8.90187E+12,Discontinued
5465,Roopal Rice Flr 4LB,8.90187E+12,Discontinued
5466,Roopal Samo 7oz,8.90187E+12,Discontinued
5467,Roopal WhitePepper Whole 3.5oz,8.90187E+12,Discontinued
5468,Roti Chapaati,12144301103,Discontinued
7992,Royal Taj Anistar Whole 100gm,7.99493E+11,Discontinued
7993,Royal Taj Cardamom Black 100gm,6.39713E+11,Discontinued
8155,Royal Taj Chana Dal 4Lbs,1E+11,Discontinued
7926,Royal Taj Mustard Crushed 400gm,7.99493E+11,Discontinued
8156,Royal Taj Poppy Seeds 100Gms,7.90493E+11,Discontinued
8152,Royal Taj Toor Dal Plain 4Lbs,7.99493E+11,Discontinued
8521,Royal Taj Turmeric Powder 14oz,7.99493E+11,Discontinued
7674,Royal Taj Turmeric powder 800gm,7.99493E+11,Discontinued
7460,Sheel Panchpooran 7oz,10000000014,Discontinued
7461,Sheel Sesame Seeds Black 7oz,8.90603E+12,Discontinued
5755,Simsek Choco Paye 300gm,8.69281E+12,Discontinued
5757,Simsek Cikolatali Gofret 32g,8.69281E+12,Discontinued
5758,Simsek Finger Biscuit 780gm,8.69281E+12,Discontinued
5759,Simsek Lamore Cocoa Cream 150g,8.69281E+12,Discontinued
5760,Simsek Lamore Vanilla 150gm,8.69281E+12,Discontinued
5761,Simsek Tea Biscuit 350gm,8.69281E+12,Discontinued
5762,Simsek Tea Biscuits 1kg,8.69281E+12,Discontinued
5763,Simsek Teabiscuit 170gm,8.69281E+12,Discontinued
8038,Siri Jalapeno 112Gms,22099098645,Discontinued
7987,Siri Moong Murukku 112Gm,22099098591,Discontinued
8039,Siri Sesame Snacks 112Gms,22099098607,Discontinued
8037,Siri Snacks 112Gms,22099098690,Discontinued
6659,Tayas Almond Tuffle 500gm,8.691E+12,Discontinued
6662,Tayas Damla Tropical 600gm,8.691E+12,Discontinued
6663,Tayas Damla Tropical Bag 1kg,8.691E+12,Discontinued
6666,Tayas Hamlet Tin Can 700gm,8.691E+12,Discontinued
6668,Tayas Magic Assortment 705gm,8.691E+12,Discontinued
6669,Tayas Orient assorted 1KG,8.691E+12,Discontinued
6670,Tayas Orient Coconut 500gm,8.691E+12,Discontinued
6671,Tayas Orient Hazelnut 500gm,8.691E+12,Discontinued
6672,Tayas Orient Hazelnut 650gm,8.691E+12,Discontinued
6674,Tayas Orient Strawberry 500gm,8.691E+12,Discontinued
6675,Tayas Vivani Special 750gm,8.691E+12,Discontinued
7908,Garvi Gujarat Bhel Mix 10oz,7.23246E+12,House of Spices
7667,Garvi Gujarat Bhel Mix 2Lbs,10000000032,House of Spices
7551,Garvi Gujarat Bikaneri Sev 283 Gm,7.23246E+12,House of Spices
7580,Garvi Gujarat Bikaneri Sev 285Gms,10000000020,House of Spices
7940,Garvi Gujarat Jeera Khakhara 200Gms,7.23246E+11,House of Spices
7709,Garvi Gujarat Khandvi 300gm,8.90604E+12,House of Spices
7939,Garvi Gujarat Plain Khakhara 200Gms,7.23246E+11,House of Spices
7613,Gits Palak Panner 285g,8.90116E+12,House of Spices
7710,Laxmi CharMagaz 200Gms,7.23246E+11,House of Spices
7447,Laxmi Coriander Powder 14oz,7.23246E+11,House of Spices
7446,Laxmi Coriander Powder 7oz,7.23246E+11,House of Spices
7989,Laxmi Corn Flour White 4LB,7.23246E+11,House of Spices
8142,Laxmi Corriander Powder 400Gms,1E+11,House of Spices
8144,Laxmi Corriander Powder 800Gms,7.23246E+11,House of Spices
7453,Laxmi corriander seeds 14oz,7.23246E+11,House of Spices
7452,Laxmi Corriander Seeds 28oz,7.23246E+11,House of Spices
7457,Laxmi Corriander Seeds 7oz,7.23246E+11,House of Spices
7405,Laxmi Cracked Wheat #1 4LB,7.23246E+11,House of Spices
7673,Laxmi Cracked Wheat #2 4LB,7.23246E+11,House of Spices
7411,Laxmi Cracked Wheat #3 4LB,7.23246E+11,House of Spices
7450,Laxmi Cumin Powder 14oz,7.23246E+12,House of Spices
7451,Laxmi Cumin Powder 7oz,7.23246E+12,House of Spices
8141,Laxmi Cumin Seeds 400Gms,1E+11,House of Spices
8145,Laxmi Cumin Seeds 800Gms,7.23246E+11,House of Spices
7650,Laxmi Dhanajiru Powder 14oz,7.23246E+11,House of Spices
7649,Laxmi Dhanajiru Powder 7oz,7.23246E+11,House of Spices
7728,Laxmi Gangajal 330ml,7.23246E+12,House of Spices
8716,Laxmi Gulal 7oz,7.23246E+11,House of Spices
8449,Laxmi Holi Color Green 200gm,2.07232E+13,House of Spices
8451,Laxmi Holi Color Orange 200gm,7.23246E+11,House of Spices
8450,Laxmi Holi Color Yellow  200gm,7.23246E+11,House of Spices
7469,Laxmi Methi Seeds 7oz,7.23246E+11,House of Spices
3917,Laxmi MoongDal 4LB,7.23246E+12,House of Spices
8149,Laxmi Mustard Seeds 14Oz,7.23246E+11,House of Spices
8150,Laxmi Mustard Seeds 800Gms,7.23246E+11,House of Spices
8148,Laxmi Paprika 14Oz,7.23246E+11,House of Spices
8147,Laxmi Paprika 200Gms,7.23246E+11,House of Spices
8172,Laxmi Quinoa 2Lbs,7.23246E+11,House of Spices
8160,Laxmi Red Chilli Crush 14Oz,7.23246E+11,House of Spices
7651,Laxmi Red Chilli Powder 14oz,7.23246E+11,House of Spices
8146,Laxmi Red Chilli Powder 800Gms,7.23246E+12,House of Spices
8139,Laxmi Red Chilli Powder Extra Hot 200Gms,7.23246E+11,House of Spices
7458,Laxmi Red Chilli Powder XHot 14oz,7.23246E+11,House of Spices
7648,Laxmi Resham Patti Chilli Powder 7oz,7.23246E+11,House of Spices
7421,Laxmi Sevai 500Gm,7.23246E+11,House of Spices
7426,Laxmi Toor Dal Oily 4LB,7.23246E+11,House of Spices
7454,Laxmi Turmeric Powder 14oz,7.23246E+11,House of Spices
7456,Laxmi Turmeric Powder 28oz,7.23246E+11,House of Spices
7455,Laxmi Turmeric Powder 7oz,7.23246E+11,House of Spices
3940,Laxmi Whl Moong Smal 2LB,7.23246E+12,House of Spices
8489,MDH Archar Dal masala,8.90217E+12,House of Spices
8269,Mdh Baingan Bhartaa Masala 100gm,8.90217E+12,House of Spices
8492,MDH Curry Masala for Chicken 100g,6.2911E+12,House of Spices
7722,MDH Curry Masala for Meat 3.5oz,6.2911E+12,House of Spices
7604,Mdh Deggi Mirch 500Gms,6.2911E+12,House of Spices
8276,MDH Jal Jeera 100gm,1E+11,House of Spices
7603,MDH R Pure Garam Masala 100Gms,8.90603E+12,House of Spices
7723,MDH R-Pure Dahivada Raita Masala 3.5oz,1E+11,House of Spices
7637,MDH R-Pure Karahi Gosht Masala 100gm,8.90603E+12,House of Spices
7623,MDH R-Pure Tea Masala 35gm,8.90603E+12,House of Spices
7602,MDH T Plus Masala 35Gms,8.90217E+12,House of Spices
7561,Mothers All in One Chutney 8.8oz,8.906E+12,House of Spices
8128,Goden Punjabi Biscuits 680Gms,1E+11,Indian Nectar
8433,Golden ajwain biscuits 2LB,68656020537,Indian Nectar
7804,Golden Eggless Cake Rusk 12oz,68656020346,Indian Nectar
7584,Golden Eggless CAke Rusk 650Gms,68656020360,Indian Nectar
7810,Golden Eggless Fruit Cake 12oz,68656020445,Indian Nectar
8437,Golden jaggery biscuits 2Lb,68656020216,Indian Nectar
8434,Golden jeera  biscuits 2LB,68656020513,Indian Nectar
8435,Golden original biscuits 2LB,68656020223,Indian Nectar
8129,Golden Punjabi Biscuits 24Oz,68656020254,Indian Nectar
8438,Golden punjabi biscuits ajwain 680g,68656020544,Indian Nectar
7806,Golden Punjabi Biscuits Gur Jaggery 24oz,68656020193,Indian Nectar
8439,Golden punjabi biscuits jeera 680g,68656020520,Indian Nectar
7805,Golden Punjabi Biscuits Original 680gm,68656020209,Indian Nectar
2779,Golden Russet Potatoes 5LB,33383530109,Indian Nectar
8432,Golden Sooji biscuits 2LB,68656020230,Indian Nectar
7891,Indian Nectar Poha Thick 2LB,1E+11,Indian Nectar
7896,Indian Nectar Rice Flour 2LB,6.12525E+11,Indian Nectar
7892,Indian Nectar Rice Flour 4LB,6.12525E+11,Indian Nectar
7893,Indian Nectar Roasted Upma Rava 4LB,6.12525E+11,Indian Nectar
7894,Indian Nectar Sooji 4LB,6.12525E+11,Indian Nectar
7895,Indian Nectar Soya Wadi 14oz,6.12525E+11,Indian Nectar
8354,MTR Babycorn & Spring Onion Soup 250gm,8.40965E+11,Indian Nectar
7416,MTR Besan Ladoo Mix 250Gm,8.40965E+11,Indian Nectar
7622,MTR Bisibele Bhath Masala 100gm,8.40965E+11,Indian Nectar
7418,MTR Curry Rice 250Gm,8.40965E+11,Indian Nectar
7897,MTR Gulab Jamun 1KG,1E+11,Indian Nectar
7617,MTR Hot & Sour Clear Soup 250gm,8.40965E+11,Indian Nectar
7417,MTR Jalebi Mix 200Gm,8.40965E+11,Indian Nectar
8199,MTR Kulfi Kesar Badam 100gm,8.40965E+11,Indian Nectar
7640,MTR Madras Sambar 100gm,8.40965E+11,Indian Nectar
8198,MTR Rabdi Basundi 100gm,8.40965E+11,Indian Nectar
8728,MTR Seviyan Vermicelli 950gm,8.40965E+11,Indian Nectar
7616,MTR Simply Tomato Soup 250gm,8.40965E+11,Indian Nectar
7419,MTR Vermicelli Payasam 180Gm,8.40965E+11,Indian Nectar
8377,Shalini Bhavnagri Gathiya 680gm,68656021770,Indian Nectar
8385,Shalini Delhi Mix 680gm,68656021886,Indian Nectar
8375,SHalini Goad Gathiya 680gm,68656021923,Indian Nectar
8378,Shalini Gujarati Mix 680gm,68656021909,Indian Nectar
7515,Shalini Khakhara Chat Pat 180Gms,68656022043,Indian Nectar
7834,Shalini Khakhara Chutney 180gm,68656022074,Indian Nectar
7672,Shalini Khakhara Madras Masala 180gm,68656022289,Indian Nectar
7668,Shalini Khakhara Masala 180gm,68656022166,Indian Nectar
7514,Shalini Khakhara Methi 180 Gms,68656022265,Indian Nectar
8380,Shalini Madras Masala Mix 680gm,68656021985,Indian Nectar
8383,Shalini Mixed Savouries 680gm,68656021824,Indian Nectar
8387,Shalini Plain Bhel mix 680gm,68656021756,Indian Nectar
8384,Shalini Sev Regular 680gm,68656021954,Indian Nectar
8382,Shalini Spicy Bhel Mix 680gm,68656021763,Indian Nectar
8379,Shalini Thikha Gathiya 680gm,68656021978,Indian Nectar
7529,Surati  Moongdal,68656001918,Indian Nectar
7626,Surati Almond Cookies 12oz,68656017018,Indian Nectar
7539,Surati Alu Patta 341Gms,68656001031,Indian Nectar
7808,Surati Banana Chips 12oz,68656001116,Indian Nectar
7809,Surati Banana Chips Spicy 12oz,68656001130,Indian Nectar
7545,Surati Bhavnagri Gathiya 341Gms,68656001154,Indian Nectar
7526,Surati Bhel Mix 300Gms,68656001277,Indian Nectar
7530,Surati Bhujiya 341Gms,68656001178,Indian Nectar
7795,Surati Bhungra 100gm,68656001192,Indian Nectar
7797,Surati Bhungra Plain 100gm,68656021121,Indian Nectar
7521,Surati Bhusi 341Gms,68656001215,Indian Nectar
7544,Surati Bombay Bhel Mix 341Gms,68656001222,Indian Nectar
7537,Surati Boondi 341Gms,68656001246,Indian Nectar
7614,Surati Cashew Cookies 340Gms,68656017025,Indian Nectar
7802,Surati Chakri/Muruku 8.75oz,68656001338,Indian Nectar
7538,Surati Channa 341Gms,68656001345,Indian Nectar
8381,Surati Channa 680gm,68656021688,Indian Nectar
7542,Surati Channa Chor 341Gms,68656001352,Indian Nectar
7541,Surati Channa Dal 341Gms,68656001369,Indian Nectar
7540,Surati Chevdo 341Gms,68656001376,Indian Nectar
8443,Surati Chhundo 860g,68656005060,Indian Nectar
7627,Surati Coconut Cookies 12oz,10000000027,Indian Nectar
7512,Surati Coconut Cookies 340Gms,68656017032,Indian Nectar
7513,Surati Coconut Cookies 340Gms,10000000017,Indian Nectar
7536,Surati Corn Chevdo 341Gms,68656001390,Indian Nectar
7531,Surati Dal Mooth 341Gms,68656001475,Indian Nectar
7800,Surati Deluxe Chevdo 12oz,68656001482,Indian Nectar
7625,Surati Flax Seed Cookies 12oz,68656017049,Indian Nectar
7811,Surati Goad Gathiya 341gm,68656001543,Indian Nectar
7533,Surati Goad Gathiya Hot 341Gms,68656001550,Indian Nectar
8440,Surati Gorkeri  800g,68656005121,Indian Nectar
7796,Surati Hot Bhungra 100gm,68656021138,Indian Nectar
7523,Surati Jaffna Mix 341Gms,68656001710,Indian Nectar
8374,Surati Jerra Cookies 340gm,68656017056,Indian Nectar
8442,Surati Mango 700g,68656005268,Indian Nectar
7812,Surati Masala Boondi 12oz,68656001871,Indian Nectar
7522,Surati Mixed Savouries 341Gms,68656001901,Indian Nectar
7801,Surati Nadiadi  Spicy Mix 12oz,68656001963,Indian Nectar
8727,Surati Pani Puri 225gm,68656002069,Indian Nectar
7534,Surati Papdi Gathiya,68656002090,Indian Nectar
7524,Surati Papdi Gathiya Hot,68656002106,Indian Nectar
7528,Surati Peanut Bhujia 341Gms,68656002076,Indian Nectar
7624,surati Pistachio Cookies 340gm,68656017063,Indian Nectar
7807,Surati Plantain Chips 12oz,68656002144,Indian Nectar
8441,Surati Punjabi 700g,68656005350,Indian Nectar
7527,Surati Punjabi mix 341Gms,68656002113,Indian Nectar
7535,Surati Punjabi Mix Extra Hot 341Gms,68656002120,Indian Nectar
7798,surati Ratlami Sev 12oz,68656002205,Indian Nectar
7532,Surati Sev Fine 341Gms,68656002298,Indian Nectar
8376,Surati Sev Fine 680 g,68656021701,Indian Nectar
7813,Surati Sev Hot 12oz,68656002304,Indian Nectar
7799,Surati Sev Moong 12oz,68656002311,Indian Nectar
7525,Surati Sev Regular 341Gms,10000000019,Indian Nectar
8388,Surati Spicy Bhel Mix 300gm,68656001284,Indian Nectar
7511,Surati Tea Biscuits 340Gm,68656017070,Indian Nectar
7543,Surati Tikha Gathiya 341Gms,68656002526,Indian Nectar
8389,Surati Watana Fried Peas 341gm,68656002656,Indian Nectar
7836,Himalaya Anti Wrinkle Cream 25Gms,8.90114E+12,Janak Foods
7827,Himalaya Anti Wrinkle Cream 50Gms,8.90114E+12,Janak Foods
7838,Himalaya Gentle Baby Soap,8.90114E+12,Janak Foods
7924,Himalaya Herbals Neem Face Wash,8.78114E+12,Janak Foods
8410,Himalaya Liv.52 small bottel,8.90114E+12,Janak Foods
7824,Himalaya Refreshing Baby Soap,8.90114E+12,Janak Foods
8396,Himalaya Refreshing Clarifying Toner 100ml,8.90114E+12,Janak Foods
8395,Himalaya Refreshing Cleansing Milk 100ml,8.90114E+12,Janak Foods
7820,Himalaya Sparkling White,8.90114E+12,Janak Foods
8475,Gopi clarified Ghee 14oz,7.96253E+11,Karoun Dairies
8474,Gopi clarified Ghee 28oz,7.96253E+11,Karoun Dairies
8497,Gopi Lassi Mango 1/2 Gallon,7.96252E+11,Karoun Dairies
8473,Gopi Paneer low sodium 8oz.,7.96253E+11,Karoun Dairies
8472,Gopi Paneer whole milk 2.5Lb,7.96253E+11,Karoun Dairies
8471,Gopi Paneer whole milk 5Lb,7.96253E+11,Karoun Dairies
7977,Gopi Yogurt 2% 4LB,7.96252E+11,Karoun Dairies
8459,Karoun Dairies  Lowfat Yogurt 2Lb,7.96252E+11,Karoun Dairies
8467,Karoun Dairies Lowfat 2% Yogurt 1Lb,7.96252E+11,Karoun Dairies
8468,Karoun Dairies lowfat Yogurt 1Lb,7.96252E+11,Karoun Dairies
8463,Karoun Dairies Lowfat Yogurt 4Lb,7.96252E+11,Karoun Dairies
8469,Karoun Dairies nonfat  0% Yogurt 1Lb,7.96252E+11,Karoun Dairies
8470,Karoun Dairies nonfat Yogurt 1Lb,7.96252E+11,Karoun Dairies
8461,Karoun Dairies Nonfat Yogurt 2Lb,7.96252E+11,Karoun Dairies
8462,Karoun Dairies Nonfat Yogurt 4Lb,7.96252E+11,Karoun Dairies
8465,Karoun Dairies Plain Yogurt 1Lb,7.96252E+11,Karoun Dairies
8460,Karoun Dairies Plain Yogurt 2Lb,7.96252E+11,Karoun Dairies
8464,Karoun Dairies Plain Yogurt 4Lb,96252000646,Karoun Dairies
8496,Karoun Dairies Yogurtb Drink MInt 1 Gallon,7.96252E+11,Karoun Dairies
8466,Karoun DairiesWhole Milk Yogurt 1Lb,7.96252E+11,Karoun Dairies
8399,Ankur Ambemor Rice 4LB,9.80417E+12,Muktanand Foods
8233,Ankur Cashew Pieces 200gm,8.90417E+12,Muktanand Foods
8232,Ankur Cashew Pieces 400gm,8.90417E+12,Muktanand Foods
8231,Ankur Cashew Pieces 800GM,8.90417E+12,Muktanand Foods
8696,Ankur Chilli Powder Kashmiri 14oz,8.90417E+12,Muktanand Foods
8695,Ankur Chilli Powder Kashmiri 7oz,8.90417E+12,Muktanand Foods
8681,Ankur Edible Gum 14oz,8.90417E+12,Muktanand Foods
8234,Ankur Fennel seeds (Sugarcoated) 4LB,8.90417E+12,Muktanand Foods
8360,Ankur Fennel seeds Lucknowi 14oz,8.90417E+12,Muktanand Foods
8359,Ankur Fennel Seeds Lucknowi 7oz,8.90417E+12,Muktanand Foods
8326,Ankur Fennel Seeds Sugarcoated 800gm,8.90417E+12,Muktanand Foods
8362,Ankur Green Mukhwas 14oz,8.90417E+12,Muktanand Foods
8361,Ankur Green Mukhwas 7oz,8.90417E+12,Muktanand Foods
8415,Ankur Handwa Flour 2LB,8.90417E+12,Muktanand Foods
8398,Ankur Horse Gram 2LB,8.90417E+12,Muktanand Foods
8397,Ankur Horse Gram 4LB,8.90417E+12,Muktanand Foods
7404,Ankur Juwar Flour 8LB,8.90417E+12,Muktanand Foods
8265,Ankur Moraiyo 14oz,51907890461,Muktanand Foods
8329,Ankur Sesame Seeds Brown 200gm,8.90417E+12,Muktanand Foods
8330,Ankur Sesame Seeds Brown 200gm,1E+11,Muktanand Foods
8224,Bambaywalla Bitter Gourd 11oz,8.90606E+12,Muktanand Foods
8223,Bambaywalla Cluster Beans 11oz,8.90606E+12,Muktanand Foods
8227,Bambaywalla Drumsticks 11oz,8.90606E+12,Muktanand Foods
8225,Bambaywalla Fenugreek Leaves 11oz,8.90606E+12,Muktanand Foods
8229,Bambaywalla Green Peas 11oz,8.90606E+12,Muktanand Foods
8218,Bambaywalla Hari Mirch 11oz,8.90606E+12,Muktanand Foods
8226,Bambaywalla Ivy Gourd 11oz,8.90606E+12,Muktanand Foods
8222,Bambaywalla Mixed Vegetables 11oz,8.90606E+12,Muktanand Foods
8228,Bambaywalla Mooli Paratha 14oz,8.90606E+12,Muktanand Foods
8220,Bambaywalla Okra Cut 11oz,8.90606E+12,Muktanand Foods
8219,Bambaywalla Suran 11oz,8.90606E+12,Muktanand Foods
8230,Bambaywalla Surti Kidney Beans 11oz,8.90606E+12,Muktanand Foods
8221,Bambaywalla Whole Okra 11oz,8.90606E+12,Muktanand Foods
8343,Bombaywalla Aloo Paratha 400gm,8.90606E+12,Muktanand Foods
8342,BombayWalla Alphonso Mango Pulp 1Kg,8.78606E+12,Muktanand Foods
8332,BombayWalla Drumsticks 1KG,8.90606E+12,Muktanand Foods
8336,BombayWalla Fried Patra 320g,8.10606E+12,Muktanand Foods
8338,BombayWalla Green Gram 315g,8.90606E+12,Muktanand Foods
8351,Bombaywalla Green Peas Kachori 600gm,8.90606E+12,Muktanand Foods
8346,Bombaywalla Indian Baby Pumpkin 315gm,8.90606E+12,Muktanand Foods
8217,Bombaywalla Ivy Gourd 11oz,8.90606E+12,Muktanand Foods
8349,Bombaywalla Kidney Beans 315gm,8.90606E+12,Muktanand Foods
8347,Bombaywalla Lima Beans 315gm,8.90606E+12,Muktanand Foods
8335,BombayWalla Methi Thepla 420g,8.90606E+12,Muktanand Foods
8331,Bombaywalla Mixed vegetables 1 kg,8.90606E+12,Muktanand Foods
8334,BombayWalla Okra Cut 1Kg,8.90606E+12,Muktanand Foods
8341,BombayWalla Pigeon Peas 1Kg,8.90606E+12,Muktanand Foods
8348,Bombaywalla Pigeon Peas 315gm,8.90606E+12,Muktanand Foods
8350,Bombaywalla Red Onion 315gm,8.90606E+12,Muktanand Foods
8340,BombayWalla Sapota Slices 500g,8.90606E+12,Muktanand Foods
8339,BombayWalla Shredded Coconut 315g,8.90606E+12,Muktanand Foods
8345,Bombaywalla Shredded Coconut 315gm,,Muktanand Foods
8337,BombayWalla Surti Kidney Beans  1Kg,8.90606E+12,Muktanand Foods
8344,Bombaywalla Tandoori Naan 400gm,8.90606E+12,Muktanand Foods
8333,BombayWalla Unfried patra 1Kg,8.90606E+12,Muktanand Foods
8062,Shimla Road  Basmati Rice XXL  4Lbs,8.98796E+11,Muktanand Foods
8063,Shimla Road Brown Basmati Rice 4Lbs,8.98796E+11,Muktanand Foods
7719,Shree Devi Goldy Assam CTC Tea 1LB,1E+11,Muktanand Foods
7721,Shree Devi Goldy Assam CTC Tea 1LB,8.90417E+12,Muktanand Foods
7720,Shree Devi Goldy Assam CTC Tea 1LB,1E+11,Muktanand Foods
8707,Shree Devi Ragi Flour 4LB,8.90417E+12,Muktanand Foods
7887,Shree Devi Vermicilli Roasted 28oz,8.90417E+12,Muktanand Foods
8119, Soy Sauce All Purpose Seasoning 444ml,78742131870,Multiple Vendor
7832,`Meglow Fairness Cream 30Gms,8.90603E+12,Multiple Vendor
552,5 Star 40Gm,8.90123E+12,Multiple Vendor
553,5 Star FruitNut 40Gm,8.90123E+12,Multiple Vendor
8715,Abil Non Edible 3.5oz,51179422148,Multiple Vendor
880,Ancient Almond Oil 200ml,8.906E+12,Multiple Vendor
881,Ancient Amla Oil 200ml,8.906E+12,Multiple Vendor
882,Ancient Brahmi 200ml Oil,8.906E+12,Multiple Vendor
883,Ancient Castor Oil 200ml,8.906E+12,Multiple Vendor
884,Ancient Dudhi Oil 200ml,8.906E+12,Multiple Vendor
885,Ancient HAIR OIL 200ml,8.906E+12,Multiple Vendor
886,Ancient JABAKUSUM 200ml,8.906E+12,Multiple Vendor
887,Ancient MahaBringraj Oil 200ml,8.906E+12,Multiple Vendor
888,Ancient NEEM OIL 200ml,8.906E+12,Multiple Vendor
890,Ancient Soap Ayumix,8.906E+12,Multiple Vendor
1489,Ashwagandha CHURNA 100G,8.90405E+12,Multiple Vendor
1614,Big Tamrind Candy 100Gm,8.85108E+12,Multiple Vendor
8709,Birds Custard Pwdr 600g,5.00035E+12,Multiple Vendor
1620,Black Beans 432Gm,78742002262,Multiple Vendor
1626,Black Rose Kali Mehandi 50g,8.15865E+11,Multiple Vendor
1679,Bournvita 500Gm,21000037773,Multiple Vendor
7903,Cadbury Dairy Milk Oreo 120gm,7.6223E+12,Multiple Vendor
7904,Cadbury Eclairs Classic 100gm,7.62221E+12,Multiple Vendor
7901,Cadbury Roses 193gm,7.62221E+12,Multiple Vendor
1985,Cycle INCENSE,8.90175E+12,Multiple Vendor
1986,Cycle JASMINE INCENSE,8.90175E+12,Multiple Vendor
1987,Cycle MUSK INCENSE,8.90175E+12,Multiple Vendor
1988,Cycle ROSE INCENSE,8.90175E+12,Multiple Vendor
1989,Cycle SHAN-E TAJ,8.90175E+12,Multiple Vendor
7833,Emami Fair And Handsome Cream,8.90125E+12,Multiple Vendor
2462,Essential APRICOT HALVES 432g,41303017760,Multiple Vendor
2463,Essential MIXED FRUIT 432g,41303017548,Multiple Vendor
7794,Fair & Lovely 50gm,8.90103E+12,Multiple Vendor
2513,Fanta 500ml Bottle,49000047851,Multiple Vendor
7920,Fountain Drink 16oz,6.39277E+11,Multiple Vendor
7764,Hari Vidya Rose Incense Box,1E+11,Multiple Vendor
2933,Havan Samagri 200Gm,51179420816,Multiple Vendor
3007,Hearthy Ntrl Coconut Oil 15oz,4.79601E+12,Multiple Vendor
7769,Heritage Call Business Incense Box,8.90175E+12,Multiple Vendor
7762,Heritage Cinnamon Incense Box,8.90175E+12,Multiple Vendor
7773,Heritage Cinnamon Incense Sticks,8.90175E+12,Multiple Vendor
7771,Heritage Divine Child Incense Box,8.90175E+12,Multiple Vendor
7776,Heritage Egyptian Musk Incense Box,8.90175E+12,Multiple Vendor
7742,Heritage Kamasutra Incense Box,8.90175E+12,Multiple Vendor
7772,Heritage Kamasutra Incense Sticks,8.90175E+12,Multiple Vendor
7770,Heritage Mama and Baby Incense Box,8.90175E+12,Multiple Vendor
7731,Heritage Patchouli Incense Box,8.90175E+12,Multiple Vendor
7778,Heritage Patchouli Incense Box,8.90175E+12,Multiple Vendor
8409,Hesh Kalpi Tone 100g,8.9017E+12,Multiple Vendor
8408,Hesh Orange Peei Powder 100g,8.9017E+12,Multiple Vendor
7790,Indica Herbals Hair Colour,8.90298E+12,Multiple Vendor
7923,Joy Moisturising Body Lotion 100ml,8.90404E+12,Multiple Vendor
7922,Joy Winter Care Lotion 100ml,8.90404E+12,Multiple Vendor
7389,Kalvert Khus Syrup 700ml,8.90602E+12,Multiple Vendor
8714,Kanku Non Edible 3.5oz,51179422025,Multiple Vendor
8041,Mysore Sandal Dhoop,8.90129E+12,Multiple Vendor
8036,Mysore Sandal Incense Sticks,8.90129E+12,Multiple Vendor
4456,Mysore Sandle Soap,8.90129E+12,Multiple Vendor
7448,Hathi Brand Katira Goond 200gm,7.88889E+11,Nuts and Spices
8529,HB  Cumin Pwdr 7oz,7.88889E+11,Nuts and Spices
8530,HB  Curry Pwdr Hot 14oz,7.88889E+11,Nuts and Spices
8531,HB  Curry Pwdr Hot 7oz,7.88889E+11,Nuts and Spices
8650,HB  Garam Masala Whole 14oz,7.88889E+11,Nuts and Spices
8518,HB Ajwain Seeds 14oz,7.88889E+11,Nuts and Spices
8517,HB Ajwain Seeds 7oz,7.88889E+11,Nuts and Spices
8501,HB All Spices Whole 3.5oz,7.88889E+11,Nuts and Spices
8506,HB Alsi Pwdr 14oz,7.88889E+11,Nuts and Spices
8508,HB Alsi Pwdr 28oz,7.88889E+11,Nuts and Spices
8507,HB Alsi Whole 28oz,7.88889E+11,Nuts and Spices
8504,HB Amchur Pwdr 7oz,7.88889E+11,Nuts and Spices
8670,HB Amchur Slice 3.5oz,7.88889E+11,Nuts and Spices
8674,HB Amla Salted Dry 7oz,7.88889E+11,Nuts and Spices
8543,HB Anardana Pwdr 3.5oz,7.88889E+11,Nuts and Spices
8514,HB Anistar 7oz,7.88889E+11,Nuts and Spices
8669,HB Aswagandha 3.5oz,7.88889E+11,Nuts and Spices
8634,HB Baking Pwdr 3.5oz,7.88889E+11,Nuts and Spices
8633,HB Baking Soda 3.5oz,7.88889E+11,Nuts and Spices
8509,HB Bay Leaves 1oz,7.88889E+11,Nuts and Spices
8505,HB Bay Leaves Pwdr 3.5oz,7.88889E+11,Nuts and Spices
8511,HB Bay Leaves Pwdr 7oz,7.88889E+11,Nuts and Spices
8516,HB Chilli Pwdr 7oz,7.88889E+11,Nuts and Spices
8510,HB Chilli Pwdr Fine 14oz,7.88889E+11,Nuts and Spices
8538,HB Chilli Pwdr Reshampatti 14oz,7.88889E+11,Nuts and Spices
8668,HB Cinnamon Pwdr 14oz,7.88889E+11,Nuts and Spices
8673,HB Cinnamon Pwdr 3.5oz,7.88889E+11,Nuts and Spices
8646,HB Cinnamon Sticks (flat) 14oz,7.88889E+11,Nuts and Spices
8636,HB Cinnamon Sticks (flat) 3.5oz,7.88889E+11,Nuts and Spices
8637,HB Cinnamon Sticks (flat) 7oz,7.88889E+11,Nuts and Spices
8652,HB Cinnamon Sticks (round) 3.5oz,7.88889E+11,Nuts and Spices
8551,HB Cinnamon Sticks (round) 7oz,7.88889E+11,Nuts and Spices
8503,HB Citric Acid 3.5 oz,7.88889E+11,Nuts and Spices
8548,HB Clove whole 14oz,7.88889E+11,Nuts and Spices
8552,HB Clove Whole 7oz,7.88889E+11,Nuts and Spices
8643,HB Coriander Pwdr 14oz,7.88889E+11,Nuts and Spices
8642,HB Coriander Pwdr 7oz,7.88889E+11,Nuts and Spices
8534,HB Cumin Pwdr 14oz,7.88889E+11,Nuts and Spices
8527,HB Cumin Whole 14oz,7.88889E+11,Nuts and Spices
8519,HB Cumin Whole 28oz,7.88889E+11,Nuts and Spices
8528,HB Cumin Whole 7oz,7.88889E+11,Nuts and Spices
8672,HB Curry Pwdr Mild 14oz,7.88889E+11,Nuts and Spices
8671,HB Dhana Dal (yellow) 7oz,7.88889E+11,Nuts and Spices
8666,HB Dhana Dal (yellow)14oz,7.88889E+11,Nuts and Spices
8647,HB Dhana Jeera Pwdr 14oz,7.88889E+11,Nuts and Spices
8648,HB Dhana Jeera Pwdr 7oz,7.88889E+11,Nuts and Spices
8539,HB Fennel Pwdr 14oz,7.88889E+11,Nuts and Spices
8540,HB Fennel Pwdr 7oz,7.88889E+11,Nuts and Spices
8547,HB Fennel Seeds 14oz,7.88889E+11,Nuts and Spices
8546,HB Fennel Seeds 28oz,7.88889E+11,Nuts and Spices
8544,HB Fennel Seeds Lucknowi 14oz,7.88889E+11,Nuts and Spices
8651,HB Fennel Seeds Lucknowi 7\oz,,Nuts and Spices
8545,HB Fennel Seeds Lucknowi 7oz,7.88889E+11,Nuts and Spices
8665,HB Fennel Seeds Lucknowi 7oz,,Nuts and Spices
8656,HB Fennel Seeds Roasted 14oz,,Nuts and Spices
8655,HB Fennel Seeds Roasted 7oz,7.88889E+11,Nuts and Spices
8550,HB Garam Masala 7oz,7.88889E+11,Nuts and Spices
8649,HB Garam Masala Whole 7oz,7.88889E+11,Nuts and Spices
8549,HB Garam Masala14oz,7.88889E+11,Nuts and Spices
8502,HB Garlic Pwdr 3.5oz,7.88889E+11,Nuts and Spices
8553,HB Ginger Pwdr 7oz,7.88889E+11,Nuts and Spices
8641,HB Kalonji 7oz,7.88889E+11,Nuts and Spices
8658,HB Kasoori Methi .88oz,7.88889E+11,Nuts and Spices
8657,HB kasoori Methi 3.5oz,7.88889E+11,Nuts and Spices
8662,HB Kokum Black Wet 7oz,7.88889E+11,Nuts and Spices
7399,HB Kolhapuri Mamra 400Gm,7.88889E+11,Nuts and Spices
8711,HB Kum Kum- Turmeric Powder 50gm,7.88889E+11,Nuts and Spices
8667,HB MÄ“thi Kuriya 7oz,7.88889E+11,Nuts and Spices
8635,HB Methi Seeds 3.5oz,7.88889E+11,Nuts and Spices
8638,HB Mustard Seed Black 14oz,7.88889E+11,Nuts and Spices
8500,HB Nutmeg Powder 3.5oz,7.88889E+11,Nuts and Spices
8499,HB Nutmeg Whole 3.5oz,7.88889E+11,Nuts and Spices
8664,HB Pickle masala 14oz,7.88889E+11,Nuts and Spices
8663,HB Pickle Masala 7oz,7.88889E+11,Nuts and Spices
8494,HB Poppy Seed Blue 14oz,7.88889E+11,Nuts and Spices
8495,HB Poppy Seed Blue 7oz,,Nuts and Spices
8654,HB Rock Salt 7oz,7.88889E+11,Nuts and Spices
8661,HB Sesame Seeds Black 3.5oz,7.88889E+11,Nuts and Spices
8660,HB Sesame Seeds Black 7oz,7.88889E+11,Nuts and Spices
8659,HB Sesame Seeds Black14oz,7.88889E+11,Nuts and Spices
8542,HB Sesame seeds Brown 14oz,7.88889E+11,Nuts and Spices
8532,HB Sesame Seeds Brown 7oz,7.88889E+11,Nuts and Spices
8533,HB Sesame Seeds White 7oz,7.88889E+11,Nuts and Spices
8653,HB Sindhav 3.5oz,7.88889E+11,Nuts and Spices
8535,HB Sugar Coated Fennel 14oz,,Nuts and Spices
8537,HB Sugar Coated Fennel 3.5oz,,Nuts and Spices
8536,HB Sugar Coated Fennel 7oz,7.88889E+11,Nuts and Spices
7398,HB Surti Mamara 14oz,7.88889E+11,Nuts and Spices
8515,HB Turmeric Pwdr 14oz,7.88889E+11,Nuts and Spices
8512,HB Turmeric Pwdr 28oz,7.88889E+11,Nuts and Spices
8513,HB Turmeric Pwdr 7oz,7.88889E+11,Nuts and Spices
8498,HB Turmeric Whole 7oz,7.88889E+11,Nuts and Spices
7385,Lipton Darjeeling Tea 250Gm,8.90103E+12,Nuts and Spices
7384,Lipton Darjeeling Tea 500Gm,8.90103E+12,Nuts and Spices
7984,Royal Chakki Atta 20LB,7.45042E+11,Nuts and Spices
8585,Sun Brand Bajri Flour 8LB,7.88889E+11,Nuts and Spices
8559,Sun Brand Barley Flour 2LB,7.88889E+11,Nuts and Spices
8577,Sun Brand Barley Flour 4LB,7.88889E+11,Nuts and Spices
8612,Sun Brand Bhakhari Flour 2lb,7.88889E+11,Nuts and Spices
8581,Sun Brand Bhakhari Flour 4LB,7.88889E+11,Nuts and Spices
8607,Sun Brand Chana Besan 2lb,7.88889E+11,Nuts and Spices
8584,Sun Brand Chana Besan 8LB,7.88889E+11,Nuts and Spices
8560,Sun Brand Chana Besan flour 4LB,7.88889E+11,Nuts and Spices
8571,Sun Brand Chapatti Flour 4LB,7.88889E+11,Nuts and Spices
8590,Sun Brand Daliya Split,7.88889E+11,Nuts and Spices
8608,Sun Brand Dhokla flour 2lb,7.88889E+11,Nuts and Spices
8569,Sun Brand Dhokla Flour 4LB,7.88889E+11,Nuts and Spices
8563,Sun Brand Dhosa Flour 4Lb,7.88889E+11,Nuts and Spices
8616,Sun Brand Fada (cracked Wheat) 2lb,7.88889E+11,Nuts and Spices
8572,Sun Brand Fada (cracked wheat) 4LB,7.88889E+11,Nuts and Spices
8556,Sun Brand Handhwa Flour 4LB,7.88889E+11,Nuts and Spices
8609,Sun Brand Idli Flour 2lb,7.88889E+11,Nuts and Spices
8602,Sun Brand Idli Rava 2lb,7.88889E+11,Nuts and Spices
8554,Sun Brand Idli Rava 4LB,7.88889E+11,Nuts and Spices
8614,Sun Brand Kala Chana Besan 2lb,7.88889E+11,Nuts and Spices
8566,Sun Brand Kala Chana Besan 4lb,7.88889E+11,Nuts and Spices
8580,Sun Brand Kansar 2Lb,7.88889E+11,Nuts and Spices
8583,Sun Brand Kansar 4LB,7.88889E+11,Nuts and Spices
8619,Sun Brand Khaman Flour 2lb,7.88889E+11,Nuts and Spices
8561,Sun Brand Khaman Flour 4LB,7.88889E+11,Nuts and Spices
8617,Sun Brand Kuttu Flour 14oz,7.88889E+11,Nuts and Spices
8574,Sun Brand Kuttu Flour 4LB,7.88889E+11,Nuts and Spices
8620,Sun Brand Ladoo Besan 2lb,7.88889E+11,Nuts and Spices
8573,Sun Brand Ladu Besan 4LB,7.88889E+11,Nuts and Spices
8610,Sun Brand Magas Flour 2lb,7.88889E+11,Nuts and Spices
8588,Sun Brand Magas Flour 4LB,7.88889E+11,Nuts and Spices
8621,Sun Brand Maida 2lb,7.88889E+11,Nuts and Spices
8555,Sun Brand Maida 4LB,7.88889E+11,Nuts and Spices
8613,Sun Brand Mathiya Flour 2lb,7.88889E+11,Nuts and Spices
8562,Sun Brand Mathiya Flour 4lb,7.88889E+11,Nuts and Spices
8605,Sun Brand Moong Dal Flour 2lb,7.88889E+11,Nuts and Spices
8589,Sun Brand Moong Dal Flour 4LB,7.88889E+11,Nuts and Spices
8606,Sun Brand Moong Flour 2lb,7.88889E+11,Nuts and Spices
8576,Sun Brand Moong Flour 4LB,7.88889E+11,Nuts and Spices
8558,Sun Brand Multi Grain 2LB,7.88889E+11,Nuts and Spices
8575,Sun Brand Multi Grain Flour 4lb,7.88889E+11,Nuts and Spices
8579,Sun Brand Mutter Besan 2LB,7.88889E+11,Nuts and Spices
8578,Sun Brand Mutter Besan 4LB,7.88889E+11,Nuts and Spices
8557,Sun Brand oats Flour 2LB,7.88889E+11,Nuts and Spices
8618,Sun Brand Rice Flour 2lb,7.88889E+11,Nuts and Spices
8564,Sun Brand Rice Flour 4Lb,7.88889E+11,Nuts and Spices
8587,Sun Brand Rice Flour 8LB,7.88889E+11,Nuts and Spices
8622,Sun Brand Roasted Chana Flour 2LB,7.88889E+11,Nuts and Spices
8623,Sun Brand Roasted Upma Sooji 2LB,7.88889E+11,Nuts and Spices
8568,Sun Brand Rusted Upma Sooji 4LB,7.88889E+11,Nuts and Spices
8567,Sun Brand Sooji Fine 4LB,7.88889E+11,Nuts and Spices
8611,Sun Brand Soya Besan Flour 2lb,7.88889E+11,Nuts and Spices
8565,Sun Brand Udad Flour  4LB,7.88889E+11,Nuts and Spices
8615,Sun Brand Udad Flour 2lb,7.88889E+11,Nuts and Spices
8586,Sun Brand Udad Flour 8LB,7.88889E+11,Nuts and Spices
8604,Sun Brand Wheat Flour 2lb,7.88889E+11,Nuts and Spices
8582,Sun Brand Wheat Flour 4LB,7.88889E+11,Nuts and Spices
8603,sun Brand White Dhokla Flour 2lb,7.88889E+11,Nuts and Spices
8570,Sun Brand White Dhokla Flour 4LB,7.88889E+11,Nuts and Spices
8180,Apple Red,1E+11,Produce
8184,Avacado,1E+11,Produce
2539,Fresh CARROTS BAGS,33383664002,Produce
8101,Green English Peas,1E+11,Produce
8183,Onion Green Large,1E+11,Produce
3317,InChins Noodles 400Gm,7.36211E+11,Raja Foods
8235,Rasoi Magic Chana Masala 60gm,8.90421E+12,Raja Foods
8480,Rasoi Magic Dal Makhani 50g,8.90421E+12,Raja Foods
8479,Rasoi Magic Egg Curry 50g,8.90421E+12,Raja Foods
8478,Rasoi Magic Malai Kofta 50g,8.90104E+12,Raja Foods
8477,Rasoi Magic Mutton Rogan Josh 50g,8.90421E+12,Raja Foods
8458,Rasoi Magic No onion No garlic Mutter Paneer 50g,8.90104E+12,Raja Foods
8520,Rasoi Magic Paneer Butter Masala 50gm,8.90421E+12,Raja Foods
8174,Rasoi Magic Paneer Makhanwala 50Gms,8.90421E+12,Raja Foods
8236,Rasoi Magic Shahi Paneer 60gm,8.90421E+12,Raja Foods
8476,Rasoi Magic Veg Biryani 50g,8.90421E+12,Raja Foods
8481,Rasoi MagicAmritsari Paneer Tikka Masala 50g,8.90421E+12,Raja Foods
7599,Swad Canola Oil 4.22 Gal,51179201101,Raja Foods
7560,Swad Garlic Pickle 10oz,51179238527,Raja Foods
7552,Swad Katki Pickle 12oz,51179238251,Raja Foods
7555,Swad Lime Pickle Hot 12oz,51179238305,Raja Foods
7554,Swad Lime Sweet Pickle 12oz,51179238572,Raja Foods
8682,Swad Madhi Toor Dal Oily 10lb,,Raja Foods
7556,Swad Mango Pickle 10oz,51179238541,Raja Foods
7553,Swad Mixed Pickle 12oz,51179238343,Raja Foods
7406,Swad Moong Flour 2LB,51179173057,Raja Foods
7814,Swad Peanut Oil 2.83 Liters,51179200715,Raja Foods
7557,Swad Punjabi Pickle 10oz,51179238350,Raja Foods
7410,Swad Semolina 4LB,51179175303,Raja Foods
7412,Swad Teff Flour 3.5LB,51179178007,Raja Foods
8196,Swad Tulsi Powder 115Gms,51179610552,Raja Foods
7409,Swad Yellow Corn Meal 4LB,51179171121,Raja Foods
7482,Rani Ajwain Seeds 3oz,6.80901E+11,Rani Foods
7491,Rani Amchur Ground 16oz,6.80901E+11,Rani Foods
7486,Rani Amchur Ground 3oz,6.80901E+11,Rani Foods
7441,Rani Anardana Ground 3oz,10000000013,Rani Foods
7440,Rani Anardana Ground 3oz,6.80901E+11,Rani Foods
7478,Rani Black Cardamom 1.75oz,6.80901E+11,Rani Foods
7495,Rani Black Cardamom 11oz,6.80901E+11,Rani Foods
7929,Rani Black Pepper Coarse 16Oz,6.80901E+11,Rani Foods
8692,Rani Black Pepper Whole 16oz,6.80901E+11,Rani Foods
7437,Rani Black Salt 5oz,6.80901E+11,Rani Foods
7909,Rani Cardamom Seeds 3.25oz,6.80901E+11,Rani Foods
7436,Rani Chat Masala 3oz,6.80901E+11,Rani Foods
7464,Rani Chilli Crushed 10oz,6.80901E+11,Rani Foods
7443,Rani Chilli Crushed 2oz,6.80901E+11,Rani Foods
7463,Rani Chilli Ground16oz,6.80901E+11,Rani Foods
7496,Rani Cinnamon Ground 16oz,6.80901E+11,Rani Foods
7433,Rani Cinnamon Ground 3oz,6.80901E+11,Rani Foods
7435,Rani Citric Acid 5oz,6.80901E+11,Rani Foods
7488,Rani Clove Whole 2oz,6.80901E+11,Rani Foods
7658,Rani Coriander Whole 1.5,6.80901E+11,Rani Foods
7659,Rani Coriander Whole 1.5,10000000031,Rani Foods
7497,Rani Corriander Seeds 8oz,6.80901E+11,Rani Foods
7465,Rani Cumin Ground 16oz,6.80901E+11,Rani Foods
7438,Rani Cumin Ground 3oz,6.80901E+11,Rani Foods
8693,Rani Curry Powder (HOT) 16oz,6.80901E+11,Rani Foods
7492,Rani Curry Powder Hot 3oz,6.80901E+11,Rani Foods
7480,Rani Dill Seeds 3oz,6.80901E+11,Rani Foods
7477,Rani Dried Mint 1oz,6.80901E+11,Rani Foods
7932,Rani Extra Hot Chilli Ground 16Oz,6.80901E+11,Rani Foods
7475,Rani Fennel Powder 3oz,6.80901E+11,Rani Foods
7928,Rani Fennel Seeds 16Oz,6.80901E+11,Rani Foods
7434,Rani Fenugreek Ground 3oz,6.80901E+11,Rani Foods
7931,Rani Fenugreek Seeds 21Oz,6.80901E+11,Rani Foods
7485,Rani Fenugreek Seeds 3.5oz,6.80901E+11,Rani Foods
7432,Rani Garam Masala 3oz,6.80901E+11,Rani Foods
7930,Rani Ginger Ground 14Oz,6.80901E+11,Rani Foods
7483,Rani Green Cardamom 2oz,6.80901E+11,Rani Foods
7487,Rani Kalaunji Seeds 3oz,6.80901E+11,Rani Foods
7439,Rani Mace Ground 2.5oz,6.80901E+11,Rani Foods
7476,Rani Mace Whole 1.75oz,6.80901E+11,Rani Foods
7462,Rani Mild Curry Powder 16oz,6.80901E+11,Rani Foods
7481,Rani Mustard Ground 3oz,6.80901E+11,Rani Foods
7468,Rani Mustard Seeds 20oz,6.80901E+11,Rani Foods
7467,Rani Paprika 16oz,6.80901E+11,Rani Foods
7442,Rani Sambar Masala 3oz,6.80901E+11,Rani Foods
7494,Rani Star Anise 1.25oz,6.80901E+11,Rani Foods
7493,Rani Tea Masala 3oz,6.80901E+11,Rani Foods
7466,Rani Turmeric Ground 16oz,6.80901E+11,Rani Foods
7484,Rani White Pepper Ground 3oz,6.80901E+11,Rani Foods
7490,Rani White Pepper Ground 3oz,6.80901E+11,Rani Foods
7479,Rani White Pepper Whole 3oz,6.80901E+11,Rani Foods
7489,Rani White Poppy Seeds 3oz,6.80901E+11,Rani Foods
8311,Bikaji Anjeer Dry Fruit Burfee 250gm,8.90601E+12,Shah Distributors
8107,Bikaji Besan Ladoo 14oz,8.90601E+12,Shah Distributors
8109,Bikaji Kadu Badam Laccha 300gm,8.90601E+12,Shah Distributors
8725,Bikaji Kaju Katli 12oz,8.90601E+12,Shah Distributors
8108,Bikaji Kaju Pista Cookies 360gm,8.90601E+12,Shah Distributors
8110,Bikaji Lite Chiwda 80gm,8.90601E+12,Shah Distributors
8122,Bikaji Lite Jhalmuri 80Gms,8.90601E+12,Shah Distributors
8105,Bikaji Lite Murmura 80gm,8.90601E+12,Shah Distributors
8121,Bikaji Lite Murmura 80Gms,1E+11,Shah Distributors
8726,Bikaji Milk Cake 14.12oz,8.90601E+12,Shah Distributors
8179,Bikaji Motichoor Ladoo 340Gms,8.90601E+12,Shah Distributors
8106,Bikaji Sesame Chikki 400gm,8.90601E+12,Shah Distributors
7581,Crispy Cardamom Shortbread Cookies 350Gms,6.27265E+11,Shah Distributors
7678,Crispy Cashew Shortbread Cookies 350gm,6.27265E+11,Shah Distributors
7680,Crispy Coconut Shortbread Cookies 350gm,6.27265E+11,Shah Distributors
7677,Crispy Pistachio Shortbread cookies 250gm,6.27265E+11,Shah Distributors
7991,Crispy Vegetarian Cookies 800gm,6.27265E+11,Shah Distributors
8079,Crispy Zeera Cookies 350gm,6.27265E+11,Shah Distributors
7679,CrispyAlmond & Honey Shortbread Cookies 350gm,6.27265E+11,Shah Distributors
8239,Dabur Amla Jasmine Hair Oil 200ml,5.0225E+12,Shah Distributors
7883,Dabur Brahmi Amla Hair Oil 200ml,8.90121E+12,Shah Distributors
7817,Dabur Maha Bhringraj Hair Oil 200ml,8.90121E+12,Shah Distributors
8699,Dabur Pudin Hara Herbal 30ML,8.90121E+12,Shah Distributors
8406,Dabur Red Rose Water 250ml,,Shah Distributors
8240,Dabur Sat Isabgol 100gm,8.90121E+12,Shah Distributors
8403,Dabur Sitopaladi  Churna 120gm,8.90121E+12,Shah Distributors
8413,Dabur Triphala Churna 120gm,8.90121E+12,Shah Distributors
8599,Dabur Vatika Olive Oil 300ml,5.0225E+12,Shah Distributors
8266,Deer Black Cardamom 200Gms,8.40782E+11,Shah Distributors
8263,Deer Brand Kabab Chini 3.5oz,4.43679E+11,Shah Distributors
2376,Deer Brand Munnakka 400gm,5.74437E+13,Shah Distributors
7429,Deer Vermicelli Roasted 175Gm,7.1476E+11,Shah Distributors
7954,Flower Amchur Powder 250Gms,8.40782E+11,Shah Distributors
7936,Flower Brand Ajwan Seeds 8.75oz,8.40782E+11,Shah Distributors
7934,Flower Brand Dhana Dal Roasted 14Oz,8.40782E+11,Shah Distributors
7938,Flower Brand Fennel Seeds Luknowi 10.5oz,8.40782E+11,Shah Distributors
7937,Flower Brand Fennel Seeds Roasted 8.75oz,8.40782E+11,Shah Distributors
7964,Flower Chilli Boria 100Gms,8.40782E+11,Shah Distributors
7962,Flower Chilli Crushed 150 Gms,8.40782E+11,Shah Distributors
7965,Flower Chilli Powder 300Gms,8.40782E+11,Shah Distributors
7952,Flower Chilli Powder Mild 300Gms,8.40782E+11,Shah Distributors
7972,Flower Cinnamon Powder 300Gms,8.40782E+11,Shah Distributors
7955,Flower Coriander Powder 250Gms,8.40782E+11,Shah Distributors
7961,Flower Coriander Seeds 150Gms,8.78782E+11,Shah Distributors
7951,Flower Cumin Seeds 300Gms,8.40782E+11,Shah Distributors
7941,Flower Curry Powder Mild 300Gms,8.40782E+11,Shah Distributors
7970,Flower Dhana Jeera Powder 250Gms,8.40782E+11,Shah Distributors
7958,Flower Dill Seeds 300Gms,8.40782E+11,Shah Distributors
7949,Flower Fennel Candy 600Gms,8.40782E+11,Shah Distributors
8125,Flower Fenugreek Powder 14Oz,8.40782E+11,Shah Distributors
7968,Flower Fenugreek Seeds 500Gms,8.40782E+11,Shah Distributors
7957,Flower Garam Masala Powder 250Gms,8.40782E+11,Shah Distributors
8694,Flower Garlic Powder 10.5oz,8.40782E+11,Shah Distributors
7967,Flower Ginger Powder 250Gms,8.40782E+11,Shah Distributors
7948,Flower Kalonji Seeds 300Gms,8.40782E+11,Shah Distributors
7969,Flower Madras Curry Powder 300Gms,8.40782E+11,Shah Distributors
7960,Flower Mustard Powder 250Gms,8.40782E+11,Shah Distributors
7945,Flower Mustard Seeds 450Gms,8.40782E+11,Shah Distributors
7953,Flower Mustard Seeds 450Gms,1E+11,Shah Distributors
7947,Flower Mustard Seeds Small 450Gms,8.40782E+11,Shah Distributors
7963,Flower Onion Flakes 100Gms,8.40782E+11,Shah Distributors
7959,Flower Pickle Masala 400Gms,8.40782E+11,Shah Distributors
7971,Flower Poppy Seeds 400Gms,8.40782E+11,Shah Distributors
7660,Flower Sago 450gm,8.40782E+11,Shah Distributors
7950,Flower Sesame Seeds 400Gms,8.40782E+11,Shah Distributors
7956,Flower Sesame Seeds Hulled 400Gms,8.40782E+11,Shah Distributors
7946,Flower Sweet Revdi 450Gms,8.40782E+11,Shah Distributors
7391,Flower Tea Tips 160 Tea Bags,8.40782E+11,Shah Distributors
7392,Flower Tea Tips 40 Tea Bags,8.40782E+11,Shah Distributors
7390,Flower Tea Tips 80 Tea Bags,8.40782E+11,Shah Distributors
7393,Flower Tea Tips CTC 450Gm,8.40782E+11,Shah Distributors
7966,Flower Turmeric Powder 350Gms,8.40782E+11,Shah Distributors
7423,Mother's Appalan 100Gm,8.906E+12,Shah Distributors
7689,Mothers Biryani Masala 60gm,8.906E+12,Shah Distributors
7687,Mothers Chaat Masala 100gm,8.906E+12,Shah Distributors
7619,Mothers Chhole Masala 60gm,8.906E+12,Shah Distributors
7620,Mothers Chicken Curry Masala 50gm,8.906E+12,Shah Distributors
7688,Mothers Garam Masala 50gm,8.906E+12,Shah Distributors
7643,Mothers Gujarati Choondo Pickle 900gm,7.90606E+12,Shah Distributors
7644,Mothers Gujarati Khaman Gunda Pickle 770gm,8.906E+12,Shah Distributors
7645,Mothers Gujarati Methia Mango Pickle 770gm,8.906E+12,Shah Distributors
7642,Mothers Mango Pickle (hot) 770gm,8.906E+12,Shah Distributors
7401,Mother's Mini Pappadam Black Pepper 200Gm,8.906E+12,Shah Distributors
7558,Mothers Mint Chutney 8.8oz,8.906E+12,Shah Distributors
7685,Mothers Pani Puri 50gm,8.906E+12,Shah Distributors
7684,Mothers Pav Bhaji Masala 75gm,8.906E+12,Shah Distributors
7641,Mothers Punjabi Mango Pickle 770gm,8.906E+12,Shah Distributors
7585,Mothers Receipe Sweet N Sour Lime Pickle 900Gms,8.906E+12,Shah Distributors
7592,Mothers Reciepe Green Chilli Pickle 900Gms,8.906E+12,Shah Distributors
7594,Mothers Reciepe Gujarati Gorkeri Pickle 575Gms,8.906E+12,Shah Distributors
7588,Mothers Reciepe Gujarati Gorkeri Pickle 900Gms,8.906E+12,Shah Distributors
7590,Mothers Reciepe Mango Pickle Mild 900Gms,8.906E+12,Shah Distributors
7587,Mothers Reciepe Mixed Pickle 900Gms,8.906E+12,Shah Distributors
7586,Mothers Reciepe Punjabi Teekha Mango Pickle 900Gms,8.906E+12,Shah Distributors
7593,Mothers Reciepe Sweet N Sour Lime Pickle 575Gms,8.906E+12,Shah Distributors
7591,Mothers Recipe Green Chilli Pickle 900Gms,10000000021,Shah Distributors
7621,Mothers Sambhar Masala 50gm,8.906E+12,Shah Distributors
7565,Mothers Sliced Mango Pickle 1LB,8.906E+12,Shah Distributors
7566,Mothers Sliced Mango Pickle Olive Oil 1LB,8.906E+12,Shah Distributors
7559,Mothers Sweet Mango Chutney 12oz,8.906E+12,Shah Distributors
7686,Mothers Tandoori Masala 50 gm,8.906E+12,Shah Distributors
7872,Rajbhog Besan Burfi 10oz,7.35426E+11,Shah Distributors
7845,Rajbhog Gajar Halwa 11.2oz,7.35426E+11,Shah Distributors
7844,Rajbhog Sweet Anjir Roll 9.2oz,7.35426E+11,Shah Distributors
7866,Rajbhog Sweet Besan Ladoo 11.2oz,7.35426E+11,Shah Distributors
7861,Rajbhog Sweet Chenna Murgi 11.2oz,7.35426E+11,Shah Distributors
7863,Rajbhog Sweet Coconut Burfi 10oz,7.35426E+11,Shah Distributors
7855,Rajbhog Sweet Jalebi 11.2oz,7.35426E+11,Shah Distributors
7867,Rajbhog Sweet Kaju Katli 9.2oz,7.35426E+11,Shah Distributors
7311,Rajbhog sweet mixed rolls 259gm,7.35426E+11,Shah Distributors
7865,Rajbhog Sweet Motichoor Ladoo 11oz,7.35426E+11,Shah Distributors
7864,Rajbhog Sweet Petha 11.2oz,7.35426E+11,Shah Distributors
7854,Rajbhog Sweet Punjabi Pinni 11.2oz,7.35426E+11,Shah Distributors
7848,Rajbhog Sweets Agra Petha 11.2oz,7.35426E+11,Shah Distributors
7871,Rajbhog Sweets Badam Burfi 10oz,7.35426E+11,Shah Distributors
7856,Rajbhog Sweets bengali mix 10oz,7.35426E+11,Shah Distributors
7857,Rajbhog Sweets Bengali Mix 10oz,1E+11,Shah Distributors
7870,Rajbhog Sweets Coconut Gulab Jamun 11.2oz,7.35426E+11,Shah Distributors
7850,Rajbhog Sweets Gulab Jamun 11.2oz,7.35426E+11,Shah Distributors
7847,Rajbhog Sweets Kalakand 11.2oz,7.35426E+11,Shah Distributors
7846,Rajbhog Sweets Mixed Rolls 9.2oz,1E+11,Shah Distributors
7859,Rajbhog Sweets Pista Barfi 10oz,1E+11,Shah Distributors
7849,Rajbhog Sweets Pista Mava Burfi 10oz,7.35426E+11,Shah Distributors
7860,Rajbhog Sweets Plain Burfi 10oz,7.35426E+11,Shah Distributors
7869,Rajbhog Sweets Rasgula 11.2oz,7.35426E+11,Shah Distributors
7853,Rajbhog Sweets Rasmadhuri 9.2oz,7.35426E+11,Shah Distributors
7868,Rajbhog Sweets Special Mix Nut Burfi 10oz,7.35426E+11,Shah Distributors
7858,Rajbhog Sweets White Peda 10oz,7.35426E+11,Shah Distributors
7671,Shan Beef Shami Kabab 300gm,7.88821E+11,Shah Distributors
8262,Shan Black Eye Beans 2LB,7.88821E+11,Shah Distributors
8253,Shan Chana Dal 2LB,7.88821E+11,Shah Distributors
8254,Shan Chana Dal 4LB,7.88821E+11,Shah Distributors
7567,Shan Chilli Pickle 1KG,7.88821E+11,Shah Distributors
8250,Shan Kabuli Chana 2lb,7.88821E+11,Shah Distributors
8249,Shan Kabuli Chana 4LB,7.88821E+11,Shah Distributors
8251,Shan Kala Chana 2LB,7.88821E+11,Shah Distributors
8252,Shan Kala Chana 4LB,7.88821E+11,Shah Distributors
7570,Shan Karela Mango Pickle 1KG,7.88821E+11,Shah Distributors
7563,Shan Kasundi Pickle 10.58oz,7.88821E+11,Shah Distributors
8258,Shan Masoor Dal 2LB,7.88821E+11,Shah Distributors
8257,Shan Masoor Dal 4LB,7.88821E+11,Shah Distributors
8261,Shan Moong Dal 2LB,7.88821E+11,Shah Distributors
7562,Shan Punjabi Mix Pickle 10.58oz,7.88821E+11,Shah Distributors
7600,Shan Rogan Josh Curry 50Gms,10000000023,Shah Distributors
7569,Shan South Indian Pickle 1KG,7.88821E+11,Shah Distributors
7601,Shan Spice Mix For Lahori Fish 100Gms,7.88821E+11,Shah Distributors
8260,Shan Urad Dal 2LB,7.88821E+11,Shah Distributors
8259,Shan Urad Dal 4LB,7.88821E+11,Shah Distributors
7579,HP Original Sauce 255Gm,5.00011E+12,Spicy World
8448,Jiva Organic Amchur Powder 200gm,6.92992E+11,Spicy World
8428,Jiva Organic Chana Dal 2LB,6.92991E+11,Spicy World
8430,Jiva Organic Chick Peas 2LB,6.92991E+11,Spicy World
8452,Jiva Organic Chilli Powder 200Gm,6.92992E+11,Spicy World
8455,Jiva Organic Cloves Whole 100Gm,6.92992E+11,Spicy World
8446,Jiva Organic Coriander Ground 200gm,6.92992E+11,Spicy World
8445,Jiva Organic Coriander Seeds 100gm,6.92992E+11,Spicy World
8453,Jiva Organic Cumin Whole 200Gm,6.92992E+11,Spicy World
8447,Jiva Organic Fennel Seed 200gm,6.92992E+11,Spicy World
8454,Jiva Organic Green Cardamom 200Gm,6.92992E+11,Spicy World
8431,Jiva Organic Masoor Dal 2LB,6.92991E+11,Spicy World
8425,Jiva Organic Moong Dal 2LB,6.92991E+11,Spicy World
8427,Jiva Organic Moong Split 2LB,6.92991E+11,Spicy World
8426,Jiva Organic Moong Whole 2LB,6.92991E+11,Spicy World
8444,Jiva Organic Turmeric Ground 200gm,6.92992E+11,Spicy World
8429,Jiva Organic Urad Dal 2LB,6.92991E+11,Spicy World
8541,Jiva Organics Organic Toor Dal 2Lb,6.92991E+11,Spicy World
8704,jJiva Organic Cumin Ground 200gm,6.92992E+11,Spicy World
8424,Mcvities  All Butter Shortbread 200gm,5.00017E+12,Spicy World
7725,McVities Digestives Caramels 300gm,59290311884,Spicy World
7578,McVitie's Rich Tea 200Gm,5.00017E+12,Spicy World
1378,Arizona Tea Green Tea,6.13009E+11,Walmart
1379,Arizona TEA KIWI,6.13009E+11,Walmart
1380,Arizona Tea Mucho Mango,6.13009E+11,Walmart
2061,DC Iodized Salt 1lb,38400133158,Walmart
3008,Heaven Chef White Vinegar 16oz,76277009442,Walmart
3009,Heaven Chef White Vingar 32oz,76277009428,Walmart
